,reorder_point,order_size,total_cost,ordering_cost,holding_cost,shortage_cost
0,[],1,7926.7,0.0,0.7,7926.0
1,[],1,6809.0,0.0,0.5,6808.6
2,[],1,7469.2,0.0,0.6,7468.6
3,[],1,6965.6,0.0,0.7,6964.9
4,[],1,7146.9,0.0,0.6,7146.3
5,[],1,6962.5,0.0,0.7,6961.8
6,[],1,7587.6,0.0,0.4,7587.2
7,[],1,6631.4,0.0,0.7,6630.7
8,[],1,7349.7,0.0,0.6,7349.2
9,[],1,7143.4,0.0,0.6,7142.8
10,[],1,7527.7,0.0,0.3,7527.4
11,[],1,7467.6,0.0,0.7,7466.9
12,[],1,6667.6,0.0,0.6,6667.0
13,[],1,7609.8,0.0,0.6,7609.2
14,[],1,7642.8,0.0,0.5,7642.3
15,[],2,7710.3,0.0,0.4,7709.9
16,[],2,7550.4,0.0,0.4,7550.0
17,[],2,7201.0,0.0,0.6,7200.4
18,[],2,6814.8,0.0,0.6,6814.1
19,[],2,7250.3,0.0,0.8,7249.5
20,[],2,7260.5,0.0,1.0,7259.5
21,[],2,7234.1,0.0,0.5,7233.6
22,[],2,7000.2,0.0,0.6,6999.6
23,[],2,6857.0,0.0,0.5,6856.6
24,[],2,6758.9,0.0,0.7,6758.3
25,[],2,7085.7,0.0,0.6,7085.1
26,[],2,7285.3,0.0,0.6,7284.7
27,[],2,6680.5,0.0,0.7,6679.7
28,[],2,6789.2,0.0,0.8,6788.3
29,[],2,7221.1,0.0,0.6,7220.5
30,[],1,7652.9,0.0,0.5,7652.4
31,[],1,7607.3,0.0,1.1,7606.2
32,[],1,6648.5,0.0,0.6,6647.9
33,[],1,7496.4,0.0,1.0,7495.4
34,[],1,6922.1,0.0,0.5,6921.6
35,[],1,7167.6,0.0,0.7,7167.0
36,[],1,7454.8,0.0,0.5,7454.3
37,[],1,7103.3,0.0,0.6,7102.7
38,[],1,7589.3,0.0,0.7,7588.6
39,[],1,7452.1,0.0,0.7,7451.4
40,[],1,7240.1,0.0,0.6,7239.5
41,[],1,7543.5,0.0,0.5,7543.0
42,[],1,6710.4,0.0,0.6,6709.8
43,[],1,7376.9,0.0,0.4,7376.5
44,[],1,7298.5,0.0,1.0,7297.5
45,[],3,7016.6,0.0,0.7,7015.9
46,[],3,6886.2,0.0,0.5,6885.7
47,[],3,7333.8,0.0,0.7,7333.1
48,[],3,7056.5,0.0,0.6,7056.0
49,[],3,6750.2,0.0,0.7,6749.5
50,[],3,7209.8,0.0,0.8,7209.0
51,[],3,7175.2,0.0,0.4,7174.8
52,[],3,7343.7,0.0,0.6,7343.2
53,[],3,6931.2,0.0,0.6,6930.5
54,[],3,7171.2,0.0,0.3,7170.9
55,[],3,7542.5,0.0,0.4,7542.1
56,[],3,7413.6,0.0,0.6,7413.0
57,[],3,7232.0,0.0,0.5,7231.6
58,[],3,6875.2,0.0,0.8,6874.4
59,[],3,7106.1,0.0,0.6,7105.5
60,[],3,7037.7,0.0,0.4,7037.3
61,[],3,7082.7,0.0,0.7,7081.9
62,[],3,6879.8,0.0,0.5,6879.3
63,[],3,7808.3,0.0,0.5,7807.7
64,[],3,6880.9,0.0,0.5,6880.3
65,[],3,7580.3,0.0,0.7,7579.6
66,[],3,6712.3,0.0,0.7,6711.6
67,[],3,7249.0,0.0,0.6,7248.4
68,[],3,7200.9,0.0,0.6,7200.3
69,[],3,7133.2,0.0,0.6,7132.6
70,[],3,6824.4,0.0,0.6,6823.8
71,[],3,7642.6,0.0,0.6,7642.0
72,[],3,7002.4,0.0,0.3,7002.1
73,[],3,7127.4,0.0,0.5,7126.9
74,[],3,7526.2,0.0,0.5,7525.7
75,[],2,7137.6,0.0,0.8,7136.7
76,[],2,7373.9,0.0,0.5,7373.4
77,[],2,7297.3,0.0,0.7,7296.5
78,[],2,7292.3,0.0,0.8,7291.5
79,[],2,7090.1,0.0,0.4,7089.7
80,[],2,7120.5,0.0,0.5,7120.0
81,[],2,7232.8,0.0,0.6,7232.2
82,[],2,6945.5,0.0,0.5,6945.0
83,[],2,7241.8,0.0,0.6,7241.1
84,[],2,7632.2,0.0,0.5,7631.7
85,[],2,6602.9,0.0,0.9,6602.0
86,[],2,7044.1,0.0,0.5,7043.5
87,[],2,7451.6,0.0,0.6,7451.0
88,[],2,7139.7,0.0,0.8,7138.9
89,[],2,7344.8,0.0,0.6,7344.2
90,[],5,7047.4,0.0,0.8,7046.6
91,[],5,7103.6,0.0,0.7,7102.9
92,[],5,7299.7,0.0,0.7,7299.0
93,[],5,7433.3,0.0,0.5,7432.8
94,[],5,6768.4,0.0,0.6,6767.8
95,[],5,7438.2,0.0,0.7,7437.5
96,[],5,7615.8,0.0,0.5,7615.3
97,[],5,7592.6,0.0,0.6,7592.1
98,[],5,7508.6,0.0,0.7,7507.9
99,[],5,7486.6,0.0,0.9,7485.8
100,[],5,7646.3,0.0,0.6,7645.6
101,[],5,7114.2,0.0,0.8,7113.4
102,[],5,6846.6,0.0,0.6,6846.0
103,[],5,7121.7,0.0,0.7,7121.0
104,[],5,7210.6,0.0,0.4,7210.2
105,[],4,6925.0,0.0,0.4,6924.6
106,[],4,7494.7,0.0,0.6,7494.2
107,[],4,7455.7,0.0,0.5,7455.1
108,[],4,7429.4,0.0,0.7,7428.7
109,[],4,7093.2,0.0,0.4,7092.8
110,[],4,7271.4,0.0,0.4,7270.9
111,[],4,6962.0,0.0,0.6,6961.4
112,[],4,6699.7,0.0,0.7,6699.0
113,[],4,6981.3,0.0,0.5,6980.8
114,[],4,6800.5,0.0,0.6,6799.8
115,[],4,6865.3,0.0,0.8,6864.6
116,[],4,7156.0,0.0,0.9,7155.0
117,[],4,7481.5,0.0,0.6,7480.8
118,[],4,6537.4,0.0,0.7,6536.8
119,[],4,6882.8,0.0,0.9,6881.9
120,[],5,7001.8,0.0,0.7,7001.1
121,[],5,6913.3,0.0,0.7,6912.5
122,[],5,6892.4,0.0,0.7,6891.7
123,[],5,7145.0,0.0,0.9,7144.1
124,[],5,7501.7,0.0,0.6,7501.1
125,[],5,6866.5,0.0,0.5,6866.0
126,[],5,7221.6,0.0,0.5,7221.1
127,[],5,7140.2,0.0,0.5,7139.7
128,[],5,7117.3,0.0,0.3,7117.0
129,[],5,7002.6,0.0,0.5,7002.1
130,[],5,6859.7,0.0,0.9,6858.9
131,[],5,6959.1,0.0,0.5,6958.6
132,[],5,7287.5,0.0,0.7,7286.8
133,[],5,7659.4,0.0,0.4,7659.0
134,[],5,7139.8,0.0,0.5,7139.3
135,[],2,7121.7,0.0,0.7,7121.1
136,[],2,7161.6,0.0,0.6,7161.0
137,[],2,6814.6,0.0,0.7,6813.9
138,[],2,7141.2,0.0,0.5,7140.8
139,[],2,7378.4,0.0,0.7,7377.7
140,[],2,7398.8,0.0,0.8,7398.0
141,[],2,7159.3,0.0,0.7,7158.6
142,[],2,7781.3,0.0,0.6,7780.6
143,[],2,7588.8,0.0,0.5,7588.3
144,[],2,7140.9,0.0,0.8,7140.1
145,[],2,7046.6,0.0,0.7,7045.9
146,[],2,7111.5,0.0,0.5,7111.0
147,[],2,7060.4,0.0,0.7,7059.7
148,[],2,6954.7,0.0,0.7,6954.0
149,[],2,7506.0,0.0,0.6,7505.4
150,[],3,6561.9,0.0,0.9,6561.0
151,[],3,7370.2,0.0,0.7,7369.5
152,[],3,7090.0,0.0,0.8,7089.3
153,[],3,7247.6,0.0,0.5,7247.1
154,[],3,7198.7,0.0,0.5,7198.2
155,[],3,7328.7,0.0,1.0,7327.7
156,[],3,6970.4,0.0,0.4,6970.0
157,[],3,7185.5,0.0,0.4,7185.0
158,[],3,7312.2,0.0,0.5,7311.6
159,[],3,7301.6,0.0,0.6,7301.1
160,[],3,7490.8,0.0,0.4,7490.4
161,[],3,7492.1,0.0,0.6,7491.5
162,[],3,6887.7,0.0,0.5,6887.2
163,[],3,6914.6,0.0,0.6,6914.0
164,[],3,7102.7,0.0,0.6,7102.1
165,[],1,7234.4,0.0,0.8,7233.6
166,[],1,7194.2,0.0,1.0,7193.2
167,[],1,7054.1,0.0,0.8,7053.3
168,[],1,6857.3,0.0,0.6,6856.7
169,[],1,7129.7,0.0,0.4,7129.3
170,[],1,6915.3,0.0,0.8,6914.5
171,[],1,7216.1,0.0,0.5,7215.7
172,[],1,6760.2,0.0,0.8,6759.3
173,[],1,7020.6,0.0,1.0,7019.6
174,[],1,6919.5,0.0,0.8,6918.8
175,[],1,7144.7,0.0,0.5,7144.1
176,[],1,7447.2,0.0,0.3,7447.0
177,[],1,7287.4,0.0,0.6,7286.8
178,[],1,7515.8,0.0,0.5,7515.3
179,[],1,7188.9,0.0,0.8,7188.0
180,[],3,7048.9,0.0,0.7,7048.1
181,[],3,7483.8,0.0,0.6,7483.2
182,[],3,7271.5,0.0,0.7,7270.7
183,[],3,7119.4,0.0,0.7,7118.7
184,[],3,7539.6,0.0,0.8,7538.8
185,[],3,7567.7,0.0,0.6,7567.1
186,[],3,7073.3,0.0,0.7,7072.6
187,[],3,6666.4,0.0,0.7,6665.7
188,[],3,7487.4,0.0,0.6,7486.8
189,[],3,7196.2,0.0,0.4,7195.7
190,[],3,7708.5,0.0,0.7,7707.8
191,[],3,7457.3,0.0,0.6,7456.7
192,[],3,7081.3,0.0,0.5,7080.8
193,[],3,7020.2,0.0,0.8,7019.3
194,[],3,7345.0,0.0,0.6,7344.5
195,[],0,6999.9,0.0,0.5,6999.4
196,[],0,7267.5,0.0,0.6,7266.9
197,[],0,7047.3,0.0,0.8,7046.5
198,[],0,7554.8,0.0,0.8,7553.9
199,[],0,7462.3,0.0,0.5,7461.8
200,[],0,6788.4,0.0,0.5,6788.0
201,[],0,6963.9,0.0,0.4,6963.5
202,[],0,7196.6,0.0,0.8,7195.8
203,[],0,7421.8,0.0,0.6,7421.2
204,[],0,7691.0,0.0,0.5,7690.5
205,[],0,6944.9,0.0,0.5,6944.4
206,[],0,7140.3,0.0,0.8,7139.5
207,[],0,7296.5,0.0,0.5,7296.0
208,[],0,6890.6,0.0,0.7,6889.9
209,[],0,7148.8,0.0,0.4,7148.4
210,[],0,7032.1,0.0,0.6,7031.5
211,[],0,7360.1,0.0,0.6,7359.5
212,[],0,7285.8,0.0,0.8,7285.0
213,[],0,7000.9,0.0,1.0,6999.9
214,[],0,7247.9,0.0,0.5,7247.3
215,[],0,6809.8,0.0,0.8,6808.9
216,[],0,7423.8,0.0,0.9,7422.9
217,[],0,7212.2,0.0,0.6,7211.5
218,[],0,7241.7,0.0,0.6,7241.1
219,[],0,7366.7,0.0,0.5,7366.2
220,[],0,7020.0,0.0,0.6,7019.4
221,[],0,6978.4,0.0,0.3,6978.0
222,[],0,7023.8,0.0,0.6,7023.2
223,[],0,7001.9,0.0,0.5,7001.4
224,[],0,6768.0,0.0,0.8,6767.2
225,[],1,7197.7,0.0,0.7,7197.0
226,[],1,7482.6,0.0,0.6,7482.1
227,[],1,7381.9,0.0,0.5,7381.4
228,[],1,7053.7,0.0,0.6,7053.1
229,[],1,6897.3,0.0,0.7,6896.6
230,[],1,7260.7,0.0,0.5,7260.2
231,[],1,7016.2,0.0,0.8,7015.4
232,[],1,6766.7,0.0,0.7,6766.0
233,[],1,7469.5,0.0,0.4,7469.1
234,[],1,6823.9,0.0,0.8,6823.1
235,[],1,7313.5,0.0,0.7,7312.8
236,[],1,6682.4,0.0,0.8,6681.6
237,[],1,7259.9,0.0,0.5,7259.5
238,[],1,7250.0,0.0,0.8,7249.2
239,[],1,7253.1,0.0,0.7,7252.4
240,[],2,7209.3,0.0,0.6,7208.7
241,[],2,7334.6,0.0,0.5,7334.1
242,[],2,7454.0,0.0,0.6,7453.5
243,[],2,6768.7,0.0,0.8,6767.9
244,[],2,6862.1,0.0,0.9,6861.2
245,[],2,7495.6,0.0,0.6,7495.0
246,[],2,7389.3,0.0,0.6,7388.7
247,[],2,7761.3,0.0,0.4,7760.8
248,[],2,7293.4,0.0,0.6,7292.8
249,[],2,7346.4,0.0,0.5,7345.8
250,[],2,7034.7,0.0,0.5,7034.2
251,[],2,7224.8,0.0,0.6,7224.2
252,[],2,6763.9,0.0,0.9,6762.9
253,[],2,7174.7,0.0,0.5,7174.2
254,[],2,7457.2,0.0,1.0,7456.2
255,[],4,7548.1,0.0,0.6,7547.6
256,[],4,7604.0,0.0,0.6,7603.4
257,[],4,6741.5,0.0,0.6,6740.9
258,[],4,7136.1,0.0,0.4,7135.7
259,[],4,7418.1,0.0,0.4,7417.7
260,[],4,7637.2,0.0,0.7,7636.5
261,[],4,6302.9,0.0,0.8,6302.0
262,[],4,7652.3,0.0,0.5,7651.8
263,[],4,7518.6,0.0,0.7,7517.8
264,[],4,6810.7,0.0,0.8,6809.9
265,[],4,6847.5,0.0,0.6,6846.9
266,[],4,7280.7,0.0,0.9,7279.8
267,[],4,7060.6,0.0,0.7,7059.9
268,[],4,6741.1,0.0,0.5,6740.6
269,[],4,7187.7,0.0,0.8,7186.9
270,[],5,6840.0,0.0,0.7,6839.3
271,[],5,6940.5,0.0,0.7,6939.8
272,[],5,7332.6,0.0,0.5,7332.1
273,[],5,6907.7,0.0,0.8,6906.9
274,[],5,7414.7,0.0,0.7,7414.0
275,[],5,7540.7,0.0,0.8,7539.9
276,[],5,6978.1,0.0,0.6,6977.4
277,[],5,7363.1,0.0,0.5,7362.5
278,[],5,7388.0,0.0,0.4,7387.6
279,[],5,6808.2,0.0,0.8,6807.4
280,[],5,6904.5,0.0,0.5,6904.0
281,[],5,7231.6,0.0,0.7,7230.8
282,[],5,7094.5,0.0,0.6,7093.9
283,[],5,7602.2,0.0,0.6,7601.6
284,[],5,7004.6,0.0,0.5,7004.1
285,[],0,7517.9,0.0,0.7,7517.2
286,[],0,7013.2,0.0,0.5,7012.7
287,[],0,7152.6,0.0,0.7,7151.9
288,[],0,7068.2,0.0,0.7,7067.6
289,[],0,7340.9,0.0,0.6,7340.2
290,[],0,6942.8,0.0,0.5,6942.3
291,[],0,7739.5,0.0,0.7,7738.8
292,[],0,7144.7,0.0,0.4,7144.3
293,[],0,7117.8,0.0,0.8,7116.9
294,[],0,7046.5,0.0,0.7,7045.8
295,[],0,6845.1,0.0,0.7,6844.4
296,[],0,6859.1,0.0,1.2,6857.9
297,[],0,6430.4,0.0,1.0,6429.4
298,[],0,7035.1,0.0,0.7,7034.4
299,[],0,6920.3,0.0,0.7,6919.6
300,[],1,7410.1,0.0,0.9,7409.2
301,[],1,6786.3,0.0,0.8,6785.4
302,[],1,7028.2,0.0,0.5,7027.7
303,[],1,7191.7,0.0,0.7,7191.0
304,[],1,6993.8,0.0,0.5,6993.3
305,[],1,6757.9,0.0,0.7,6757.2
306,[],1,7164.5,0.0,0.6,7163.9
307,[],1,7321.3,0.0,0.6,7320.6
308,[],1,7056.1,0.0,0.8,7055.4
309,[],1,7152.4,0.0,0.6,7151.8
310,[],1,7386.5,0.0,0.7,7385.8
311,[],1,6978.9,0.0,0.6,6978.4
312,[],1,7049.0,0.0,0.5,7048.5
313,[],1,7227.3,0.0,0.6,7226.7
314,[],1,6713.9,0.0,0.7,6713.2
315,[],4,6892.2,0.0,0.7,6891.5
316,[],4,6848.2,0.0,0.6,6847.6
317,[],4,7240.5,0.0,0.6,7239.8
318,[],4,7333.6,0.0,0.6,7333.1
319,[],4,7047.0,0.0,0.6,7046.3
320,[],4,7074.4,0.0,0.7,7073.7
321,[],4,7107.9,0.0,0.5,7107.4
322,[],4,7163.3,0.0,0.6,7162.7
323,[],4,7453.9,0.0,0.3,7453.6
324,[],4,7365.0,0.0,0.7,7364.3
325,[],4,7328.7,0.0,0.6,7328.1
326,[],4,7430.9,0.0,0.5,7430.5
327,[],4,7526.2,0.0,0.5,7525.7
328,[],4,6641.7,0.0,0.8,6640.9
329,[],4,6968.2,0.0,0.5,6967.7
330,[],3,6853.2,0.0,0.9,6852.3
331,[],3,7315.6,0.0,0.6,7315.1
332,[],3,7134.5,0.0,0.6,7134.0
333,[],3,7003.6,0.0,0.8,7002.8
334,[],3,7159.4,0.0,0.4,7159.0
335,[],3,7145.2,0.0,0.6,7144.7
336,[],3,7616.1,0.0,0.5,7615.6
337,[],3,6820.6,0.0,0.4,6820.2
338,[],3,7658.5,0.0,0.5,7658.1
339,[],3,7268.2,0.0,0.6,7267.5
340,[],3,7613.0,0.0,0.6,7612.4
341,[],3,7447.9,0.0,0.5,7447.4
342,[],3,7085.2,0.0,0.5,7084.6
343,[],3,8028.8,0.0,0.5,8028.3
344,[],3,6766.4,0.0,0.6,6765.9
345,[],4,7314.8,0.0,0.8,7314.0
346,[],4,7191.5,0.0,0.5,7191.0
347,[],4,7454.5,0.0,0.5,7454.0
348,[],4,7209.3,0.0,0.7,7208.6
349,[],4,7362.3,0.0,0.6,7361.7
350,[],4,7249.1,0.0,0.5,7248.7
351,[],4,7543.7,0.0,0.6,7543.1
352,[],4,6946.7,0.0,1.0,6945.7
353,[],4,7046.2,0.0,0.7,7045.6
354,[],4,7004.6,0.0,0.5,7004.0
355,[],4,7078.7,0.0,0.6,7078.1
356,[],4,7472.6,0.0,0.8,7471.9
357,[],4,7079.9,0.0,0.5,7079.4
358,[],4,7417.5,0.0,0.5,7417.0
359,[],4,7255.8,0.0,0.5,7255.3
360,[],5,7436.6,0.0,0.7,7435.9
361,[],5,7552.3,0.0,0.6,7551.7
362,[],5,6951.4,0.0,0.8,6950.6
363,[],5,7267.4,0.0,0.5,7266.9
364,[],5,7062.1,0.0,0.7,7061.3
365,[],5,7822.5,0.0,0.8,7821.7
366,[],5,6884.7,0.0,0.7,6884.0
367,[],5,7148.5,0.0,0.8,7147.7
368,[],5,7687.6,0.0,0.7,7686.9
369,[],5,7347.4,0.0,0.6,7346.8
370,[],5,7817.6,0.0,0.4,7817.2
371,[],5,7681.8,0.0,0.5,7681.3
372,[],5,7524.0,0.0,0.9,7523.1
373,[],5,7040.1,0.0,0.7,7039.3
374,[],5,7139.0,0.0,0.6,7138.4
375,[],2,7364.0,0.0,0.7,7363.3
376,[],2,6956.2,0.0,0.4,6955.8
377,[],2,6977.0,0.0,0.7,6976.3
378,[],2,6989.2,0.0,0.5,6988.7
379,[],2,7199.1,0.0,0.5,7198.6
380,[],2,7537.7,0.0,0.7,7537.0
381,[],2,7016.0,0.0,0.7,7015.3
382,[],2,7354.7,0.0,0.8,7353.9
383,[],2,7308.6,0.0,0.7,7308.0
384,[],2,7838.3,0.0,0.7,7837.6
385,[],2,7109.7,0.0,0.5,7109.1
386,[],2,6892.9,0.0,0.8,6892.0
387,[],2,7231.4,0.0,0.6,7230.8
388,[],2,7202.8,0.0,0.5,7202.2
389,[],2,7065.7,0.0,0.5,7065.2
390,[],1,7205.3,0.0,0.9,7204.4
391,[],1,7104.1,0.0,0.5,7103.6
392,[],1,7325.9,0.0,0.5,7325.5
393,[],1,7318.3,0.0,0.6,7317.6
394,[],1,7012.5,0.0,0.4,7012.0
395,[],1,7373.7,0.0,0.7,7373.0
396,[],1,6766.9,0.0,0.4,6766.5
397,[],1,6905.6,0.0,0.6,6905.0
398,[],1,6950.1,0.0,0.7,6949.4
399,[],1,6790.2,0.0,0.7,6789.5
400,[],1,7315.7,0.0,1.0,7314.7
401,[],1,7176.8,0.0,0.6,7176.2
402,[],1,7373.2,0.0,0.5,7372.6
403,[],1,7095.5,0.0,0.7,7094.7
404,[],1,6982.3,0.0,0.6,6981.7
405,[],2,7413.7,0.0,0.5,7413.2
406,[],2,7143.4,0.0,0.6,7142.9
407,[],2,7155.0,0.0,0.6,7154.4
408,[],2,6984.1,0.0,0.6,6983.5
409,[],2,7213.7,0.0,0.4,7213.3
410,[],2,7216.4,0.0,0.6,7215.8
411,[],2,7406.1,0.0,0.4,7405.7
412,[],2,7116.6,0.0,0.9,7115.8
413,[],2,7318.9,0.0,0.5,7318.4
414,[],2,7043.3,0.0,0.6,7042.6
415,[],2,7380.8,0.0,0.5,7380.3
416,[],2,6757.8,0.0,0.8,6757.0
417,[],2,6960.7,0.0,0.3,6960.4
418,[],2,7626.8,0.0,0.6,7626.1
419,[],2,7459.5,0.0,0.8,7458.7
420,[],3,7247.3,0.0,0.6,7246.7
421,[],3,7619.7,0.0,0.7,7618.9
422,[],3,7061.0,0.0,0.6,7060.3
423,[],3,7463.9,0.0,0.4,7463.5
424,[],3,7190.4,0.0,0.6,7189.8
425,[],3,7514.4,0.0,0.5,7513.9
426,[],3,7326.0,0.0,0.7,7325.3
427,[],3,7202.7,0.0,0.6,7202.1
428,[],3,7288.6,0.0,1.0,7287.6
429,[],3,7464.6,0.0,0.9,7463.6
430,[],3,7551.7,0.0,0.5,7551.3
431,[],3,6670.9,0.0,0.6,6670.4
432,[],3,7711.2,0.0,0.4,7710.9
433,[],3,7620.5,0.0,0.8,7619.7
434,[],3,7283.6,0.0,0.6,7283.0
435,[],4,7407.4,0.0,0.6,7406.8
436,[],4,6914.1,0.0,0.5,6913.6
437,[],4,7046.2,0.0,0.5,7045.7
438,[],4,7557.2,0.0,0.8,7556.4
439,[],4,6864.7,0.0,0.7,6864.0
440,[],4,7257.6,0.0,0.6,7257.0
441,[],4,7130.5,0.0,0.6,7129.8
442,[],4,7103.8,0.0,0.5,7103.4
443,[],4,6959.3,0.0,0.7,6958.6
444,[],4,6813.6,0.0,0.6,6813.0
445,[],4,7480.6,0.0,0.8,7479.8
446,[],4,7310.8,0.0,0.6,7310.2
447,[],4,7309.2,0.0,0.6,7308.6
448,[],4,6810.0,0.0,0.8,6809.2
449,[],4,6871.5,0.0,0.8,6870.7
450,[],0,7029.5,0.0,0.5,7029.0
451,[],0,6614.6,0.0,0.7,6614.0
452,[],0,7183.4,0.0,0.3,7183.1
453,[],0,7075.2,0.0,0.7,7074.4
454,[],0,6937.7,0.0,0.7,6937.0
455,[],0,6830.7,0.0,0.7,6830.0
456,[],0,7107.5,0.0,0.3,7107.1
457,[],0,7084.1,0.0,0.7,7083.4
458,[],0,7192.5,0.0,0.6,7191.9
459,[],0,7314.4,0.0,0.5,7313.8
460,[],0,6908.9,0.0,0.6,6908.4
461,[],0,7145.3,0.0,0.4,7144.9
462,[],0,7083.8,0.0,0.8,7083.0
463,[],0,6877.1,0.0,0.7,6876.4
464,[],0,7118.6,0.0,0.7,7117.9
465,[],2,7057.5,0.0,0.4,7057.1
466,[],2,7209.0,0.0,0.6,7208.5
467,[],2,7680.8,0.0,0.6,7680.2
468,[],2,7166.2,0.0,0.8,7165.3
469,[],2,7555.0,0.0,0.7,7554.3
470,[],2,7323.3,0.0,0.4,7322.9
471,[],2,7433.8,0.0,0.7,7433.1
472,[],2,6847.8,0.0,0.6,6847.1
473,[],2,7025.6,0.0,0.7,7024.8
474,[],2,6718.9,0.0,0.5,6718.4
475,[],2,6644.9,0.0,0.7,6644.2
476,[],2,7850.5,0.0,0.6,7850.0
477,[],2,7699.6,0.0,0.5,7699.1
478,[],2,7122.7,0.0,0.5,7122.2
479,[],2,7303.3,0.0,0.5,7302.8
480,[],4,7362.3,0.0,0.5,7361.8
481,[],4,7820.6,0.0,0.7,7819.8
482,[],4,6999.4,0.0,0.7,6998.7
483,[],4,7123.2,0.0,0.9,7122.2
484,[],4,7516.1,0.0,0.7,7515.3
485,[],4,8060.4,0.0,0.7,8059.7
486,[],4,6777.9,0.0,0.9,6777.0
487,[],4,7299.0,0.0,0.4,7298.6
488,[],4,6971.3,0.0,0.7,6970.6
489,[],4,7205.6,0.0,0.7,7204.9
490,[],4,7350.2,0.0,0.7,7349.6
491,[],4,7431.9,0.0,0.3,7431.6
492,[],4,6982.1,0.0,0.3,6981.8
493,[],4,7395.1,0.0,0.7,7394.4
494,[],4,7723.1,0.0,1.0,7722.1
495,[],2,7573.4,0.0,0.7,7572.8
496,[],2,7019.6,0.0,0.6,7018.9
497,[],2,7297.0,0.0,0.4,7296.6
498,[],2,7025.0,0.0,1.1,7024.0
499,[],2,7107.8,0.0,0.5,7107.3
500,[],2,7249.9,0.0,0.5,7249.4
501,[],2,7288.2,0.0,0.4,7287.8
502,[],2,7592.8,0.0,0.7,7592.1
503,[],2,7227.8,0.0,0.5,7227.2
504,[],2,7264.7,0.0,0.6,7264.1
505,[],2,6858.1,0.0,0.8,6857.3
506,[],2,7195.6,0.0,0.4,7195.2
507,[],2,6987.1,0.0,0.7,6986.5
508,[],2,7274.0,0.0,0.4,7273.5
509,[],2,7491.5,0.0,0.6,7490.9
510,[],5,6605.2,0.0,0.8,6604.3
511,[],5,7443.6,0.0,0.5,7443.1
512,[],5,6903.4,0.0,1.0,6902.4
513,[],5,7364.4,0.0,0.4,7364.0
514,[],5,7731.4,0.0,0.7,7730.8
515,[],5,7215.8,0.0,0.5,7215.3
516,[],5,7272.2,0.0,0.7,7271.5
517,[],5,7075.2,0.0,0.6,7074.5
518,[],5,7017.9,0.0,0.5,7017.4
519,[],5,7395.4,0.0,0.8,7394.6
520,[],5,7187.4,0.0,0.6,7186.8
521,[],5,7137.9,0.0,0.6,7137.3
522,[],5,7302.2,0.0,0.4,7301.8
523,[],5,6649.2,0.0,0.7,6648.5
524,[],5,7453.0,0.0,0.7,7452.2
525,[],2,7257.9,0.0,0.6,7257.4
526,[],2,7024.0,0.0,0.7,7023.4
527,[],2,6723.6,0.0,1.1,6722.5
528,[],2,7533.2,0.0,0.6,7532.6
529,[],2,7053.7,0.0,0.6,7053.1
530,[],2,7030.6,0.0,0.6,7030.1
531,[],2,7222.7,0.0,0.4,7222.3
532,[],2,7198.5,0.0,0.8,7197.6
533,[],2,7465.1,0.0,0.6,7464.5
534,[],2,7466.5,0.0,0.5,7466.1
535,[],2,7329.0,0.0,0.7,7328.3
536,[],2,7579.4,0.0,0.8,7578.6
537,[],2,7155.5,0.0,0.5,7155.0
538,[],2,7500.2,0.0,0.4,7499.7
539,[],2,7120.4,0.0,0.7,7119.7
540,[],2,7046.5,0.0,0.8,7045.7
541,[],2,7032.6,0.0,0.7,7031.9
542,[],2,7555.3,0.0,0.5,7554.8
543,[],2,7375.3,0.0,0.6,7374.7
544,[],2,7168.7,0.0,0.7,7168.0
545,[],2,7093.1,0.0,0.6,7092.5
546,[],2,7162.1,0.0,0.6,7161.5
547,[],2,7233.3,0.0,0.6,7232.6
548,[],2,7521.0,0.0,0.4,7520.6
549,[],2,7155.9,0.0,0.5,7155.4
550,[],2,7049.9,0.0,0.7,7049.2
551,[],2,7145.5,0.0,1.0,7144.5
552,[],2,7710.9,0.0,0.5,7710.4
553,[],2,6926.7,0.0,0.8,6925.9
554,[],2,6922.7,0.0,0.7,6922.1
555,[],4,6613.9,0.0,0.6,6613.3
556,[],4,7299.7,0.0,0.6,7299.2
557,[],4,7135.3,0.0,0.7,7134.6
558,[],4,7365.2,0.0,0.5,7364.7
559,[],4,7248.2,0.0,0.5,7247.8
560,[],4,7191.3,0.0,0.6,7190.6
561,[],4,7742.5,0.0,0.6,7741.9
562,[],4,6883.1,0.0,0.5,6882.6
563,[],4,6647.2,0.0,0.8,6646.4
564,[],4,7667.0,0.0,1.0,7666.0
565,[],4,7382.1,0.0,0.5,7381.6
566,[],4,7424.4,0.0,1.1,7423.3
567,[],4,6975.8,0.0,0.5,6975.3
568,[],4,6878.1,0.0,0.8,6877.2
569,[],4,6888.2,0.0,0.9,6887.3
570,[],2,7094.6,0.0,0.5,7094.1
571,[],2,7207.8,0.0,0.7,7207.1
572,[],2,7073.7,0.0,0.7,7073.0
573,[],2,7314.1,0.0,0.5,7313.6
574,[],2,8054.1,0.0,0.4,8053.7
575,[],2,6865.5,0.0,0.6,6864.8
576,[],2,7404.8,0.0,0.6,7404.3
577,[],2,6882.5,0.0,0.7,6881.8
578,[],2,7219.4,0.0,0.6,7218.8
579,[],2,7572.5,0.0,0.7,7571.8
580,[],2,7407.8,0.0,0.8,7407.0
581,[],2,7106.1,0.0,0.6,7105.5
582,[],2,7361.0,0.0,0.5,7360.5
583,[],2,7002.5,0.0,0.6,7002.0
584,[],2,7608.2,0.0,0.7,7607.5
585,[],0,7209.8,0.0,0.6,7209.2
586,[],0,7258.6,0.0,0.8,7257.8
587,[],0,7543.0,0.0,0.6,7542.4
588,[],0,7246.7,0.0,0.9,7245.9
589,[],0,7175.8,0.0,0.8,7174.9
590,[],0,7368.2,0.0,0.9,7367.3
591,[],0,7250.5,0.0,0.7,7249.8
592,[],0,7220.1,0.0,0.7,7219.5
593,[],0,7125.4,0.0,0.8,7124.7
594,[],0,7166.6,0.0,0.5,7166.1
595,[],0,7543.0,0.0,0.5,7542.5
596,[],0,6908.0,0.0,0.7,6907.4
597,[],0,7515.5,0.0,0.2,7515.2
598,[],0,7253.5,0.0,0.7,7252.8
599,[],0,7650.9,0.0,0.8,7650.2
600,[],0,7395.4,0.0,0.6,7394.7
601,[],0,6824.1,0.0,0.7,6823.4
602,[],0,7236.0,0.0,0.6,7235.4
603,[],0,7060.7,0.0,0.3,7060.5
604,[],0,7739.1,0.0,0.7,7738.5
605,[],0,6917.2,0.0,0.3,6916.9
606,[],0,7005.8,0.0,0.5,7005.3
607,[],0,7160.4,0.0,0.6,7159.8
608,[],0,7610.0,0.0,0.7,7609.4
609,[],0,7463.4,0.0,0.6,7462.8
610,[],0,7302.8,0.0,0.6,7302.2
611,[],0,7100.9,0.0,0.9,7100.1
612,[],0,6803.2,0.0,0.6,6802.6
613,[],0,6659.9,0.0,0.5,6659.4
614,[],0,7727.8,0.0,0.5,7727.3
615,[],5,6876.3,0.0,0.8,6875.5
616,[],5,7258.7,0.0,0.5,7258.3
617,[],5,7270.7,0.0,0.7,7270.0
618,[],5,7671.3,0.0,0.3,7671.0
619,[],5,7511.1,0.0,0.6,7510.5
620,[],5,7206.5,0.0,0.5,7206.0
621,[],5,7352.1,0.0,0.4,7351.6
622,[],5,7169.2,0.0,0.6,7168.5
623,[],5,7056.9,0.0,0.6,7056.4
624,[],5,7076.6,0.0,0.6,7076.0
625,[],5,6911.2,0.0,1.0,6910.2
626,[],5,7501.4,0.0,0.9,7500.5
627,[],5,7091.9,0.0,0.7,7091.2
628,[],5,7195.5,0.0,0.6,7194.9
629,[],5,7047.8,0.0,0.6,7047.2
630,[],3,7358.1,0.0,0.7,7357.4
631,[],3,7109.8,0.0,0.7,7109.1
632,[],3,7377.1,0.0,0.6,7376.6
633,[],3,6809.3,0.0,0.7,6808.6
634,[],3,6997.1,0.0,0.6,6996.5
635,[],3,7255.7,0.0,0.4,7255.3
636,[],3,7019.7,0.0,1.1,7018.6
637,[],3,7398.3,0.0,0.7,7397.5
638,[],3,7071.7,0.0,0.8,7070.9
639,[],3,7462.7,0.0,0.9,7461.8
640,[],3,7140.5,0.0,0.4,7140.1
641,[],3,7266.1,0.0,0.6,7265.5
642,[],3,6749.6,0.0,0.8,6748.8
643,[],3,6665.4,0.0,0.8,6664.6
644,[],3,7463.1,0.0,0.5,7462.6
645,[],5,7300.3,0.0,0.6,7299.7
646,[],5,7147.6,0.0,0.7,7146.9
647,[],5,6893.3,0.0,0.9,6892.4
648,[],5,7287.1,0.0,1.0,7286.1
649,[],5,7323.3,0.0,0.5,7322.8
650,[],5,7259.3,0.0,0.6,7258.7
651,[],5,7415.9,0.0,0.3,7415.5
652,[],5,7087.2,0.0,1.0,7086.2
653,[],5,6941.3,0.0,0.6,6940.7
654,[],5,6897.1,0.0,0.6,6896.5
655,[],5,6756.8,0.0,0.9,6756.0
656,[],5,7296.6,0.0,0.4,7296.2
657,[],5,7353.7,0.0,0.7,7353.0
658,[],5,7114.0,0.0,0.6,7113.4
659,[],5,7614.6,0.0,0.7,7613.9
660,[],1,7561.2,0.0,0.5,7560.7
661,[],1,7017.1,0.0,0.8,7016.2
662,[],1,7249.0,0.0,0.6,7248.4
663,[],1,7292.0,0.0,0.5,7291.5
664,[],1,6939.2,0.0,0.7,6938.5
665,[],1,7108.7,0.0,0.6,7108.1
666,[],1,7087.3,0.0,0.8,7086.5
667,[],1,7219.2,0.0,0.5,7218.7
668,[],1,7741.0,0.0,0.4,7740.6
669,[],1,7230.0,0.0,0.4,7229.6
670,[],1,7066.4,0.0,0.6,7065.8
671,[],1,7128.0,0.0,0.7,7127.3
672,[],1,7113.0,0.0,0.6,7112.4
673,[],1,7125.1,0.0,0.6,7124.5
674,[],1,7356.3,0.0,0.7,7355.7
675,[],3,7159.1,0.0,0.7,7158.4
676,[],3,6783.4,0.0,0.7,6782.7
677,[],3,7315.6,0.0,0.5,7315.1
678,[],3,7163.8,0.0,0.4,7163.4
679,[],3,7083.4,0.0,0.9,7082.5
680,[],3,7541.9,0.0,0.5,7541.4
681,[],3,7040.6,0.0,0.5,7040.0
682,[],3,6940.9,0.0,0.6,6940.4
683,[],3,7101.1,0.0,0.5,7100.6
684,[],3,7130.9,0.0,0.4,7130.5
685,[],3,7226.0,0.0,0.5,7225.5
686,[],3,6830.5,0.0,0.5,6830.0
687,[],3,7096.6,0.0,0.6,7096.0
688,[],3,7106.5,0.0,0.5,7106.0
689,[],3,7053.2,0.0,0.8,7052.4
690,[],0,7184.9,0.0,0.7,7184.2
691,[],0,7201.4,0.0,0.7,7200.8
692,[],0,7608.8,0.0,0.9,7607.9
693,[],0,7075.7,0.0,0.4,7075.3
694,[],0,7565.7,0.0,0.5,7565.2
695,[],0,7079.9,0.0,0.4,7079.4
696,[],0,7025.0,0.0,0.6,7024.4
697,[],0,7535.4,0.0,0.7,7534.7
698,[],0,7253.0,0.0,0.7,7252.3
699,[],0,6829.1,0.0,0.8,6828.3
700,[],0,6897.7,0.0,1.0,6896.6
701,[],0,7266.8,0.0,0.7,7266.0
702,[],0,7307.3,0.0,0.5,7306.8
703,[],0,7195.3,0.0,0.4,7194.8
704,[],0,6928.5,0.0,0.7,6927.8
705,[],1,7274.7,0.0,0.6,7274.1
706,[],1,7147.6,0.0,0.8,7146.8
707,[],1,7008.2,0.0,0.7,7007.5
708,[],1,7515.3,0.0,0.8,7514.5
709,[],1,6584.2,0.0,0.5,6583.7
710,[],1,6993.4,0.0,0.5,6992.9
711,[],1,6743.0,0.0,0.8,6742.2
712,[],1,7213.3,0.0,0.6,7212.7
713,[],1,7266.7,0.0,0.4,7266.3
714,[],1,7048.6,0.0,0.6,7047.9
715,[],1,7236.6,0.0,0.7,7235.8
716,[],1,6590.9,0.0,1.0,6589.9
717,[],1,7454.1,0.0,0.6,7453.5
718,[],1,7424.6,0.0,0.5,7424.1
719,[],1,7123.3,0.0,0.5,7122.8
720,[],2,7232.8,0.0,0.7,7232.1
721,[],2,7117.2,0.0,0.8,7116.3
722,[],2,6872.2,0.0,0.6,6871.7
723,[],2,7523.8,0.0,0.4,7523.3
724,[],2,7075.5,0.0,0.5,7075.0
725,[],2,7148.9,0.0,0.6,7148.2
726,[],2,7462.2,0.0,0.6,7461.6
727,[],2,7294.1,0.0,0.8,7293.3
728,[],2,7214.3,0.0,0.4,7213.8
729,[],2,7232.5,0.0,0.5,7231.9
730,[],2,7422.7,0.0,0.7,7422.0
731,[],2,7384.4,0.0,0.6,7383.8
732,[],2,7270.6,0.0,0.4,7270.2
733,[],2,7291.7,0.0,0.7,7291.0
734,[],2,7463.8,0.0,0.6,7463.2
735,[],2,7274.9,0.0,0.5,7274.4
736,[],2,6618.9,0.0,0.5,6618.4
737,[],2,7349.0,0.0,0.6,7348.3
738,[],2,7371.9,0.0,0.6,7371.4
739,[],2,7084.8,0.0,0.6,7084.2
740,[],2,6931.9,0.0,0.7,6931.2
741,[],2,7359.2,0.0,0.6,7358.7
742,[],2,7555.2,0.0,0.7,7554.5
743,[],2,6817.4,0.0,0.8,6816.6
744,[],2,6776.9,0.0,0.7,6776.1
745,[],2,7299.6,0.0,0.4,7299.2
746,[],2,7317.6,0.0,0.6,7317.0
747,[],2,6713.8,0.0,0.6,6713.2
748,[],2,7163.5,0.0,0.3,7163.2
749,[],2,6977.5,0.0,1.0,6976.6
750,[],1,7227.1,0.0,0.4,7226.7
751,[],1,7504.9,0.0,0.5,7504.4
752,[],1,7602.5,0.0,0.5,7601.9
753,[],1,7514.6,0.0,0.5,7514.2
754,[],1,7368.8,0.0,0.6,7368.2
755,[],1,7610.8,0.0,0.7,7610.2
756,[],1,7191.5,0.0,0.5,7190.9
757,[],1,7480.9,0.0,0.5,7480.4
758,[],1,7534.8,0.0,0.6,7534.3
759,[],1,6472.3,0.0,0.7,6471.6
760,[],1,7243.0,0.0,0.6,7242.4
761,[],1,6905.7,0.0,0.9,6904.7
762,[],1,7122.3,0.0,0.5,7121.8
763,[],1,7396.7,0.0,0.6,7396.1
764,[],1,7211.4,0.0,0.6,7210.8
765,[],2,7171.2,0.0,0.7,7170.5
766,[],2,6854.0,0.0,0.9,6853.1
767,[],2,6943.3,0.0,0.4,6942.9
768,[],2,7068.0,0.0,0.6,7067.5
769,[],2,7029.6,0.0,0.5,7029.2
770,[],2,6983.7,0.0,0.4,6983.3
771,[],2,7693.4,0.0,0.6,7692.8
772,[],2,7434.0,0.0,0.4,7433.5
773,[],2,6642.6,0.0,0.6,6642.1
774,[],2,6992.5,0.0,0.9,6991.6
775,[],2,7888.4,0.0,0.4,7888.1
776,[],2,6883.6,0.0,0.6,6883.1
777,[],2,7643.1,0.0,0.5,7642.6
778,[],2,6956.1,0.0,0.6,6955.5
779,[],2,7609.5,0.0,0.6,7608.9
780,[],2,7498.6,0.0,0.6,7498.0
781,[],2,7045.1,0.0,0.6,7044.5
782,[],2,6621.7,0.0,0.8,6620.9
783,[],2,7520.0,0.0,0.5,7519.5
784,[],2,6781.3,0.0,0.7,6780.6
785,[],2,7501.9,0.0,0.5,7501.4
786,[],2,7319.6,0.0,0.6,7318.9
787,[],2,7671.7,0.0,0.5,7671.2
788,[],2,6989.2,0.0,0.6,6988.6
789,[],2,7011.2,0.0,0.7,7010.6
790,[],2,7290.2,0.0,0.8,7289.4
791,[],2,7019.4,0.0,0.5,7018.9
792,[],2,7633.5,0.0,0.6,7632.9
793,[],2,7136.0,0.0,0.6,7135.4
794,[],2,6952.7,0.0,0.4,6952.2
795,[],5,7631.3,0.0,0.7,7630.6
796,[],5,6934.7,0.0,0.6,6934.1
797,[],5,6509.6,0.0,1.2,6508.5
798,[],5,7328.6,0.0,0.4,7328.2
799,[],5,7478.6,0.0,0.7,7477.9
800,[],5,7360.0,0.0,0.5,7359.5
801,[],5,7144.9,0.0,0.7,7144.3
802,[],5,6766.2,0.0,0.4,6765.8
803,[],5,7412.9,0.0,0.5,7412.4
804,[],5,7090.3,0.0,0.5,7089.7
805,[],5,7013.2,0.0,0.7,7012.5
806,[],5,7117.7,0.0,0.5,7117.1
807,[],5,7421.8,0.0,0.6,7421.1
808,[],5,7467.4,0.0,0.9,7466.4
809,[],5,6815.9,0.0,0.7,6815.3
810,[],3,7352.0,0.0,1.0,7350.9
811,[],3,6969.0,0.0,0.6,6968.4
812,[],3,7072.4,0.0,0.6,7071.8
813,[],3,7283.2,0.0,0.6,7282.6
814,[],3,6771.9,0.0,0.6,6771.3
815,[],3,7745.8,0.0,0.4,7745.4
816,[],3,7094.7,0.0,0.9,7093.8
817,[],3,7040.8,0.0,0.4,7040.4
818,[],3,7374.4,0.0,0.4,7373.9
819,[],3,6717.0,0.0,0.4,6716.6
820,[],3,6491.2,0.0,0.9,6490.3
821,[],3,7235.2,0.0,0.7,7234.5
822,[],3,7273.5,0.0,0.9,7272.6
823,[],3,7243.4,0.0,0.6,7242.8
824,[],3,7396.6,0.0,0.8,7395.8
825,[],3,6837.4,0.0,0.4,6837.0
826,[],3,7336.3,0.0,0.5,7335.8
827,[],3,7676.4,0.0,0.8,7675.6
828,[],3,6965.7,0.0,0.7,6965.0
829,[],3,7032.3,0.0,0.5,7031.7
830,[],3,7272.6,0.0,0.4,7272.2
831,[],3,7402.9,0.0,0.6,7402.3
832,[],3,7355.0,0.0,0.6,7354.4
833,[],3,7264.1,0.0,0.8,7263.3
834,[],3,6645.0,0.0,0.7,6644.4
835,[],3,7172.9,0.0,0.7,7172.1
836,[],3,6871.4,0.0,0.6,6870.8
837,[],3,7371.2,0.0,0.4,7370.8
838,[],3,7421.0,0.0,0.6,7420.4
839,[],3,7069.3,0.0,0.8,7068.6
840,[],1,7323.2,0.0,0.9,7322.3
841,[],1,6783.8,0.0,1.2,6782.5
842,[],1,7329.7,0.0,0.6,7329.1
843,[],1,6838.8,0.0,0.8,6838.1
844,[],1,7884.2,0.0,0.7,7883.5
845,[],1,6942.8,0.0,0.4,6942.4
846,[],1,7520.6,0.0,0.4,7520.2
847,[],1,7320.5,0.0,0.4,7320.0
848,[],1,7141.5,0.0,0.4,7141.0
849,[],1,7339.9,0.0,0.4,7339.5
850,[],1,6819.4,0.0,0.7,6818.6
851,[],1,7091.0,0.0,0.4,7090.6
852,[],1,7087.4,0.0,0.5,7086.9
853,[],1,7029.6,0.0,0.6,7029.0
854,[],1,7219.3,0.0,0.6,7218.8
855,[],1,7082.8,0.0,0.6,7082.2
856,[],1,7290.0,0.0,0.6,7289.4
857,[],1,7051.3,0.0,0.5,7050.8
858,[],1,7081.0,0.0,0.7,7080.2
859,[],1,7136.7,0.0,0.5,7136.2
860,[],1,7074.8,0.0,0.5,7074.4
861,[],1,6902.0,0.0,0.7,6901.2
862,[],1,7055.7,0.0,0.7,7055.0
863,[],1,6856.0,0.0,0.5,6855.5
864,[],1,7543.0,0.0,0.9,7542.1
865,[],1,7233.9,0.0,0.5,7233.4
866,[],1,6886.3,0.0,0.8,6885.5
867,[],1,7291.3,0.0,0.6,7290.7
868,[],1,7663.6,0.0,0.6,7663.0
869,[],1,6921.8,0.0,0.5,6921.3
870,[],0,7228.5,0.0,0.8,7227.7
871,[],0,6818.4,0.0,0.6,6817.8
872,[],0,6808.9,0.0,0.7,6808.3
873,[],0,6650.6,0.0,0.4,6650.2
874,[],0,6727.2,0.0,0.6,6726.6
875,[],0,6926.8,0.0,0.8,6926.0
876,[],0,7040.6,0.0,0.5,7040.1
877,[],0,6814.7,0.0,0.6,6814.2
878,[],0,6968.2,0.0,0.7,6967.6
879,[],0,7004.6,0.0,0.6,7004.0
880,[],0,7323.1,0.0,0.6,7322.5
881,[],0,7320.5,0.0,1.0,7319.5
882,[],0,7595.7,0.0,0.5,7595.2
883,[],0,6948.6,0.0,0.8,6947.9
884,[],0,7089.2,0.0,0.6,7088.6
885,[],1,7334.3,0.0,0.5,7333.8
886,[],1,6832.6,0.0,0.5,6832.1
887,[],1,7139.1,0.0,0.4,7138.7
888,[],1,7370.9,0.0,0.3,7370.5
889,[],1,7073.3,0.0,0.7,7072.6
890,[],1,7250.0,0.0,1.0,7248.9
891,[],1,7207.3,0.0,0.8,7206.5
892,[],1,7023.3,0.0,0.5,7022.7
893,[],1,6887.7,0.0,0.5,6887.1
894,[],1,7056.3,0.0,0.4,7055.9
895,[],1,7478.7,0.0,0.6,7478.1
896,[],1,6731.8,0.0,0.5,6731.3
897,[],1,7395.0,0.0,0.7,7394.2
898,[],1,7037.8,0.0,0.6,7037.2
899,[],1,7277.0,0.0,0.9,7276.0
900,[],3,7027.9,0.0,0.6,7027.2
901,[],3,7218.4,0.0,0.7,7217.7
902,[],3,6999.3,0.0,0.6,6998.7
903,[],3,7211.3,0.0,0.6,7210.7
904,[],3,6792.5,0.0,0.7,6791.8
905,[],3,7281.1,0.0,0.7,7280.5
906,[],3,7295.4,0.0,0.4,7295.0
907,[],3,7205.7,0.0,0.6,7205.0
908,[],3,6722.7,0.0,0.5,6722.2
909,[],3,7447.0,0.0,0.3,7446.6
910,[],3,7048.6,0.0,0.5,7048.0
911,[],3,7223.3,0.0,0.4,7222.9
912,[],3,7272.3,0.0,0.5,7271.8
913,[],3,6734.9,0.0,0.7,6734.1
914,[],3,7119.0,0.0,0.6,7118.4
915,[],3,7344.6,0.0,0.6,7344.0
916,[],3,7140.3,0.0,0.6,7139.8
917,[],3,6810.5,0.0,0.7,6809.7
918,[],3,7330.0,0.0,0.8,7329.2
919,[],3,7302.6,0.0,0.5,7302.1
920,[],3,6905.1,0.0,0.6,6904.5
921,[],3,7339.3,0.0,1.0,7338.4
922,[],3,7092.5,0.0,0.5,7092.0
923,[],3,7409.6,0.0,0.8,7408.8
924,[],3,6836.2,0.0,0.7,6835.5
925,[],3,7557.5,0.0,0.5,7557.0
926,[],3,7229.1,0.0,0.7,7228.4
927,[],3,7028.0,0.0,0.5,7027.5
928,[],3,7330.7,0.0,0.7,7330.0
929,[],3,7622.5,0.0,0.7,7621.9
930,[],1,6853.5,0.0,0.5,6853.0
931,[],1,6931.5,0.0,0.8,6930.7
932,[],1,7025.4,0.0,0.5,7024.9
933,[],1,7203.3,0.0,0.7,7202.6
934,[],1,7358.7,0.0,0.6,7358.0
935,[],1,6736.6,0.0,0.7,6735.9
936,[],1,7426.6,0.0,0.4,7426.2
937,[],1,7452.8,0.0,0.4,7452.3
938,[],1,7748.2,0.0,0.4,7747.8
939,[],1,6990.2,0.0,0.6,6989.6
940,[],1,7115.5,0.0,0.7,7114.7
941,[],1,7433.7,0.0,0.6,7433.1
942,[],1,7093.1,0.0,0.7,7092.4
943,[],1,6958.5,0.0,0.5,6958.0
944,[],1,6870.3,0.0,0.5,6869.8
945,[],5,7201.7,0.0,0.7,7201.0
946,[],5,7050.1,0.0,0.9,7049.2
947,[],5,7092.4,0.0,0.6,7091.7
948,[],5,7232.0,0.0,0.6,7231.4
949,[],5,7527.5,0.0,0.5,7527.0
950,[],5,7217.8,0.0,0.8,7217.0
951,[],5,6893.3,0.0,0.7,6892.6
952,[],5,7155.2,0.0,0.7,7154.5
953,[],5,7495.5,0.0,0.7,7494.8
954,[],5,6939.2,0.0,0.6,6938.5
955,[],5,7171.5,0.0,0.4,7171.1
956,[],5,7092.3,0.0,0.5,7091.7
957,[],5,7163.4,0.0,0.5,7162.8
958,[],5,7028.3,0.0,0.6,7027.8
959,[],5,6777.5,0.0,0.4,6777.0
960,[],1,6889.7,0.0,0.4,6889.3
961,[],1,7075.5,0.0,0.4,7075.1
962,[],1,7270.3,0.0,0.7,7269.6
963,[],1,6790.1,0.0,0.5,6789.6
964,[],1,6784.9,0.0,0.5,6784.4
965,[],1,7022.9,0.0,0.6,7022.3
966,[],1,7127.1,0.0,0.3,7126.7
967,[],1,7186.9,0.0,0.9,7186.0
968,[],1,7190.0,0.0,0.5,7189.6
969,[],1,7167.9,0.0,0.6,7167.3
970,[],1,7081.2,0.0,0.6,7080.6
971,[],1,7136.5,0.0,0.4,7136.1
972,[],1,6916.7,0.0,0.6,6916.1
973,[],1,7157.8,0.0,0.4,7157.4
974,[],1,7088.2,0.0,0.6,7087.7
975,[],5,7400.5,0.0,0.7,7399.8
976,[],5,6796.0,0.0,0.4,6795.6
977,[],5,7133.8,0.0,0.7,7133.0
978,[],5,7021.2,0.0,0.5,7020.7
979,[],5,7115.3,0.0,0.7,7114.5
980,[],5,7064.4,0.0,0.4,7064.0
981,[],5,6882.9,0.0,0.8,6882.1
982,[],5,7319.8,0.0,0.5,7319.3
983,[],5,7406.7,0.0,0.6,7406.1
984,[],5,7593.3,0.0,0.6,7592.7
985,[],5,7350.9,0.0,0.5,7350.5
986,[],5,7271.4,0.0,0.5,7271.0
987,[],5,6866.9,0.0,0.6,6866.4
988,[],5,7107.9,0.0,0.5,7107.4
989,[],5,7097.2,0.0,0.8,7096.4
990,[],4,7501.7,0.0,0.5,7501.1
991,[],4,6670.4,0.0,0.9,6669.4
992,[],4,7024.7,0.0,0.5,7024.2
993,[],4,7459.1,0.0,0.7,7458.4
994,[],4,7308.7,0.0,0.8,7308.0
995,[],4,7082.2,0.0,0.7,7081.5
996,[],4,7134.0,0.0,0.7,7133.3
997,[],4,7053.5,0.0,0.5,7053.0
998,[],4,7146.8,0.0,0.7,7146.2
999,[],4,7163.9,0.0,0.9,7162.9
1000,[],4,6763.9,0.0,0.6,6763.3
1001,[],4,7052.1,0.0,0.5,7051.6
1002,[],4,7348.0,0.0,0.5,7347.4
1003,[],4,7072.3,0.0,0.4,7071.9
1004,[],4,7135.9,0.0,0.7,7135.2
1005,[],3,7073.6,0.0,0.6,7073.0
1006,[],3,6926.8,0.0,0.6,6926.2
1007,[],3,7065.5,0.0,0.6,7064.9
1008,[],3,7255.9,0.0,0.7,7255.2
1009,[],3,7260.9,0.0,0.6,7260.4
1010,[],3,7057.3,0.0,0.8,7056.5
1011,[],3,7029.3,0.0,0.5,7028.8
1012,[],3,6886.4,0.0,0.6,6885.8
1013,[],3,7195.2,0.0,0.9,7194.3
1014,[],3,6904.3,0.0,0.8,6903.5
1015,[],3,7191.6,0.0,0.7,7190.9
1016,[],3,6881.8,0.0,0.7,6881.1
1017,[],3,7234.9,0.0,0.5,7234.4
1018,[],3,7204.9,0.0,0.6,7204.3
1019,[],3,7489.9,0.0,0.6,7489.3
1020,[],5,7200.9,0.0,0.7,7200.2
1021,[],5,6895.3,0.0,0.6,6894.6
1022,[],5,7269.4,0.0,0.5,7268.9
1023,[],5,7133.2,0.0,0.8,7132.4
1024,[],5,7510.1,0.0,0.8,7509.3
1025,[],5,7438.3,0.0,0.8,7437.5
1026,[],5,7158.3,0.0,0.6,7157.7
1027,[],5,6967.3,0.0,0.5,6966.8
1028,[],5,6948.0,0.0,0.7,6947.3
1029,[],5,7588.5,0.0,0.3,7588.1
1030,[],5,7189.3,0.0,0.4,7189.0
1031,[],5,7440.6,0.0,0.5,7440.1
1032,[],5,7028.7,0.0,0.4,7028.2
1033,[],5,7328.3,0.0,0.5,7327.8
1034,[],5,6959.3,0.0,0.6,6958.7
1035,[],5,7221.6,0.0,0.6,7221.1
1036,[],5,7323.7,0.0,0.3,7323.4
1037,[],5,7065.3,0.0,0.9,7064.4
1038,[],5,6598.0,0.0,0.5,6597.5
1039,[],5,7139.0,0.0,0.7,7138.3
1040,[],5,7288.2,0.0,0.7,7287.5
1041,[],5,7099.9,0.0,0.4,7099.5
1042,[],5,7337.1,0.0,0.5,7336.6
1043,[],5,7072.9,0.0,0.7,7072.2
1044,[],5,6954.2,0.0,0.9,6953.3
1045,[],5,7438.6,0.0,0.5,7438.1
1046,[],5,7593.1,0.0,0.4,7592.7
1047,[],5,7240.2,0.0,0.7,7239.4
1048,[],5,7198.8,0.0,0.6,7198.3
1049,[],5,7534.0,0.0,0.4,7533.6
1050,[],0,7501.5,0.0,0.6,7500.9
1051,[],0,7441.0,0.0,0.5,7440.5
1052,[],0,7117.7,0.0,0.9,7116.7
1053,[],0,7470.9,0.0,0.9,7470.0
1054,[],0,7643.7,0.0,0.9,7642.7
1055,[],0,6916.2,0.0,0.4,6915.8
1056,[],0,7513.1,0.0,0.5,7512.7
1057,[],0,7707.6,0.0,0.4,7707.1
1058,[],0,7252.4,0.0,0.7,7251.6
1059,[],0,7325.3,0.0,0.6,7324.8
1060,[],0,6802.6,0.0,0.7,6801.9
1061,[],0,7486.3,0.0,0.7,7485.7
1062,[],0,7173.0,0.0,0.7,7172.4
1063,[],0,7126.8,0.0,0.8,7126.0
1064,[],0,7103.0,0.0,0.7,7102.3
1065,[],0,6898.6,0.0,0.8,6897.9
1066,[],0,6714.3,0.0,0.8,6713.5
1067,[],0,7319.6,0.0,0.8,7318.9
1068,[],0,7406.4,0.0,0.9,7405.5
1069,[],0,7335.0,0.0,0.7,7334.3
1070,[],0,7031.9,0.0,0.4,7031.5
1071,[],0,7229.9,0.0,0.5,7229.3
1072,[],0,7215.3,0.0,0.7,7214.6
1073,[],0,6921.4,0.0,0.6,6920.9
1074,[],0,7028.4,0.0,0.6,7027.8
1075,[],0,7382.1,0.0,0.5,7381.6
1076,[],0,7469.5,0.0,0.4,7469.0
1077,[],0,7317.2,0.0,0.8,7316.4
1078,[],0,6828.2,0.0,0.8,6827.4
1079,[],0,7338.9,0.0,0.6,7338.3
